title,author,rating,reviews,price,book_link,date
Atomic Habits: the life-changing million-copy #1 bestseller,James Clear,4.6 out of 5 stars,78722,396.00,https://www.amazon.in/Atomic-Habits-James-Clear/dp/1847941834/ref=zg_bs_books_sccl_1/000-0000000-0000000?psc=1,2023-06-12 11:05:09
The Hidden Hindu (Hindi Translation of The Hidden Hindu),Akshat Gupta,4.5 out of 5 stars,302,150.00,https://www.amazon.in/Hidden-Hindu-Hindi-Translation/dp/9355213794/ref=zg_bs_books_sccl_2/000-0000000-0000000?psc=1,2023-06-12 11:05:09
"Ikigai: The Japanese secret to a long and happy life [Hardcover] García, Héctor and Miralles, Francesc",Francesc Miralles,4.6 out of 5 stars,48160,374.00,https://www.amazon.in/Ikigai-H%C3%A9ctor-Garc%C3%ADa/dp/178633089X/ref=zg_bs_books_sccl_3/000-0000000-0000000?psc=1,2023-06-12 11:05:09
The Psychology of Money,Morgan Housel,4.6 out of 5 stars,50257,200.00,https://www.amazon.in/Psychology-Money-Morgan-Housel/dp/9390166268/ref=zg_bs_books_sccl_4/000-0000000-0000000?psc=1,2023-06-12 11:05:09
The Hidden Hindu: Science-Fiction meets Indian mythology in a nail biting thriller set in 2020,Akshat Gupta,4.4 out of 5 stars,1535,180.00,https://www.amazon.in/Hidden-Hindu-Akshat-Gupta/dp/0143455699/ref=zg_bs_books_sccl_5/000-0000000-0000000?psc=1,2023-06-12 11:05:09
My First Library: Boxset of 10 Board Books for Kids,Wonder House Books,4.5 out of 5 stars,69946,399.00,https://www.amazon.in/My-First-Library-Boxset-Board/dp/9387779262/ref=zg_bs_books_sccl_6/000-0000000-0000000?psc=1,2023-06-12 11:05:09
"Grandma's Bag of Stories: Collection of 20+ Illustrated short stories, traditional Indian folk tales for all ages for children of all ages by Sudha Murty [Paperback] Sudha Murty",,4.6 out of 5 stars,Sudha Murty,157.00,https://www.amazon.in/Grandmas-Bag-Stories-Sudha-Murty/dp/0143333623/ref=zg_bs_books_sccl_7/000-0000000-0000000?psc=1,2023-06-12 11:05:09
Rich Dad Poor Dad: 25th Anniversary Edit,Robert T. Kiyosaki,4.5 out of 5 stars,22486,369.00,https://www.amazon.in/Rich-Dad-Poor-Middle-Anniversary/dp/1612681131/ref=zg_bs_books_sccl_8/000-0000000-0000000?psc=1,2023-06-12 11:05:09
The Power of Your Subconscious Mind,Joseph Murphy,4.5 out of 5 stars,74628,115.00,https://www.amazon.in/Power-Your-Subconscious-Mind/dp/8194790832/ref=zg_bs_books_sccl_9/000-0000000-0000000?psc=1,2023-06-12 11:05:09
Indian Polity Sixth Revised Edition,M Laxmikanth,4.5 out of 5 stars,4497,650.00,https://www.amazon.in/Indian-English-Revised-Services-Administrative/dp/9354600352/ref=zg_bs_books_sccl_10/000-0000000-0000000?psc=1,2023-06-12 11:05:09
Brain Activity Book for Kids - 200+ Activities for Age 3+,Maple Press,4.5 out of 5 stars,3530,85.00,https://www.amazon.in/Brain-Activity-Book-Kids-Activities/dp/9391924298/ref=zg_bs_books_sccl_11/000-0000000-0000000?psc=1,2023-06-12 11:05:09
Shrimad Bhagwat Geeta Yatharoop,A.C. Bhaktivendanta Swami Prabhupada,4.8 out of 5 stars,16053,193.50,https://www.amazon.in/Bhagavad-Gita-Bhaktivendanta-Swami-Prabhupada/dp/938598618X/ref=zg_bs_books_sccl_12/000-0000000-0000000?psc=1,2023-06-12 11:05:09
"My First Mythology Tale (Illustrated) (Set of 5 Books) - Mahabharata, Krishna, Hanuman, Ganesha, Ramayana - Story Book for Kids - English Short Stories with Colourful Pictures - Read Aloud to Infants, Toddlers",Maple Press,4.4 out of 5 stars,7062,179.00,https://www.amazon.in/First-Mythology-Tale-Illustrated-Books/dp/9390292964/ref=zg_bs_books_sccl_13/000-0000000-0000000?psc=1,2023-06-12 11:05:09
BlackBook of English Vocabulary March 2023 by Nikhil Gupta,,4.4 out of 5 stars,Nikhil Kr Gupta,250.00,https://www.amazon.in/BlackBook-English-Vocabulary-March-Nikhil/dp/8195645712/ref=zg_bs_books_sccl_14/000-0000000-0000000?psc=1,2023-06-12 11:05:09
"Energize Your Mind: Learn the Art of Mastering Your Thoughts, Feelings and Emotions",Gaur Gopal Das,4.6 out of 5 stars,1740,160.00,https://www.amazon.in/Energize-Your-Mind-Mastering-Thoughts/dp/0143442287/ref=zg_bs_books_sccl_15/000-0000000-0000000?psc=1,2023-06-12 11:05:09
"Oxford Student Atlas for India, Fourth Edition - Useful for Competitive Exams",,4.6 out of 5 stars,Oxford University Press,173.00,https://www.amazon.in/Oxford-Student-Atlas-India-Fourth/dp/9391050840/ref=zg_bs_books_sccl_16/000-0000000-0000000?psc=1,2023-06-12 11:05:09
"Do It Today: Overcome procrastination, improve productivity and achieve more meaningful things [Paperback] Foroux, Darius",Darius Foroux,4.4 out of 5 stars,6599,127.00,https://www.amazon.in/Do-Today-procrastination-productivity-meaningful/dp/0143452126/ref=zg_bs_books_sccl_17/000-0000000-0000000?psc=1,2023-06-12 11:05:09
World’s Greatest Books For Personal Growth & Wealth (Set of 4 Books): Perfect Motivational Gift Set,,4.5 out of 5 stars,Dale Carnegie,299.00,https://www.amazon.in/Worlds-Greatest-Personal-Growth-Wealth/dp/9389432014/ref=zg_bs_books_sccl_18/000-0000000-0000000?psc=1,2023-06-12 11:05:09
"MTG Objective NCERT at your FINGERTIPS Biology - NCERT Notes with HD Pages, Based on NCERT Exam Archive Questions, NEET Books (Latest & Revised Edition 2023-2024)",MTG Editorial Board,4.4 out of 5 stars,132,639.00,https://www.amazon.in/Objective-NCERT-your-FINGERTIPS-Biology/dp/9355555946/ref=zg_bs_books_sccl_19/000-0000000-0000000?psc=1,2023-06-12 11:05:09
The Silent Patient,Alex Michaelides,4.5 out of 5 stars,255105,203.00,https://www.amazon.in/Silent-Patient-Alex-Michaelides/dp/1409181634/ref=zg_bs_books_sccl_20/000-0000000-0000000?psc=1,2023-06-12 11:05:09
Oswaal CBSE Class 10 Science Question Bank (2024 Exam),Oswaal Editorial Board,4.4 out of 5 stars,1106,425.00,https://www.amazon.in/Oswaal-CBSE-Class-Science-Question/dp/9356349010/ref=zg_bs_books_sccl_21/000-0000000-0000000?psc=1,2023-06-12 11:05:09
My First Book of Pencil Control : Practice Pattern Writing (Full Color Pages): Patterns Practice book for kids (Pattern Writing),Wonder House Books,4.4 out of 5 stars,24500,89.00,https://www.amazon.in/First-Book-Patterns-Pencil-Control/dp/9387779319/ref=zg_bs_books_sccl_22/000-0000000-0000000?psc=1,2023-06-12 11:05:09
Concept of Physics by H.C Verma Part - I - Session 2022-23,H.C. Verma,4.6 out of 5 stars,13031,330.00,https://www.amazon.in/Concept-Physics-Part-1-2018-2019-Session/dp/8177091875/ref=zg_bs_books_sccl_23/000-0000000-0000000?psc=1,2023-06-12 11:05:09
Word Power Made Easy [Paperback] Norman Lewis,Norman Lewis,4.4 out of 5 stars,46549,98.00,https://www.amazon.in/Word-Power-Made-Norman-Lewis/dp/0143424688/ref=zg_bs_books_sccl_24/000-0000000-0000000?psc=1,2023-06-12 11:05:09
Don't Believe Everything You Think,Joseph Nguyen,4.6 out of 5 stars,376,194.00,https://www.amazon.in/Dont-Believe-Everything-You-Think/dp/935543135X/ref=zg_bs_books_sccl_25/000-0000000-0000000?psc=1,2023-06-12 11:05:09
The Magic Of The Lost Temple**,,4.6 out of 5 stars,Sudha Murty,165.00,https://www.amazon.in/Magic-Lost-Temple-Sudha-Murty/dp/014333316X/ref=zg_bs_books_sccl_26/000-0000000-0000000?psc=1,2023-06-12 11:05:09
2023 - Edition - Lucent's General Knowledge - English Medium - Original Copy,,4.2 out of 5 stars,Dr. Binay Karna,214.00,https://www.amazon.in/2023-Lucents-General-Knowledge-Original/dp/B0BTC16JNP/ref=zg_bs_books_sccl_27/000-0000000-0000000?psc=1,2023-06-12 11:05:09
Arihant All In One Class 10th Social Science for CBSE Exam 2024,,3.9 out of 5 stars,Farah Sultan Aditya Raj ,330.00,https://www.amazon.in/Arihant-Class-Social-Science-Exam-2024/dp/9350106000/ref=zg_bs_books_sccl_28/000-0000000-0000000?psc=1,2023-06-12 11:05:09
"Little Colouring Books for Kids (Set of 10 Books) - Gift to children for painting, drawing and colouring - Alphabets, Animals, Birds, Flags, Flowers, ... Transport, Vegetables - 3 to 6 years old [Paperback] Maple Press",Maple Press,4.3 out of 5 stars,2652,195.00,https://www.amazon.in/Colouring-Books-Set-10/dp/9350332167/ref=zg_bs_books_sccl_29/000-0000000-0000000?psc=1,2023-06-12 11:05:09
The Hidden Hindu Book 3,Akshat Gupta,4.6 out of 5 stars,251,206.00,https://www.amazon.in/Hidden-Hindu-Book-3/dp/0143456555/ref=zg_bs_books_sccl_30/000-0000000-0000000?psc=1,2023-06-12 11:05:09
"Hidden Hindu, The ( Book 2)",Akshat Gupta,4.6 out of 5 stars,585,188.00,https://www.amazon.in/Hidden-Hindu-2-Akshat-Gupta/dp/0143456547/ref=zg_bs_books_sccl_1/000-0000000-0000000?psc=1,2023-06-12 11:05:09
,,4.1 out of 5 stars,2399,200.00,https://www.amazon.in/Trading-Breakout-Pattern-Candlestick-Beginners/dp/B09Z85R4SW/ref=zg_bs_books_sccl_2/000-0000000-0000000?psc=1,2023-06-12 11:05:09
You Can,George Matthew Adams,4.3 out of 5 stars,3510,99.00,https://www.amazon.in/You-Can-George-Matthew-Adams/dp/9389931843/ref=zg_bs_books_sccl_3/000-0000000-0000000?psc=1,2023-06-12 11:05:09
How to Win Friends and Influence People,Dale Carnegie,4.5 out of 5 stars,113611,99.00,https://www.amazon.in/How-Win-Friends-Influence-People/dp/8194790891/ref=zg_bs_books_sccl_4/000-0000000-0000000?psc=1,2023-06-12 11:05:09
"Moral Story Books for Kids (Set of 10 Books) (Illustrated) - English Short Stories with Colourful Pictures - Bedtime Children Story Book - 3 Years to 6 Years Old Children - Read Aloud to Infants, Toddlers",Maple Press,4.5 out of 5 stars,1349,245.00,https://www.amazon.in/Moral-Story-Books-Kids-Set/dp/9391129811/ref=zg_bs_books_sccl_5/000-0000000-0000000?psc=1,2023-06-12 11:05:09
"108 Panchatantra Stories for Children (Illustrated) - Story Book for Kids - Moral Stories - Bedtime Stories - 3 Years to 10 Years Old - English Short Stories for Children - Read Aloud to Infants, Toddlers",Maple Press,4.4 out of 5 stars,3289,128.00,https://www.amazon.in/108-Panchatantra-Stories-Illustrated-children/dp/9390292921/ref=zg_bs_books_sccl_6/000-0000000-0000000?psc=1,2023-06-12 11:05:09
The Alchemist,Paulo Coelho,4.6 out of 5 stars,137198,264.00,https://www.amazon.in/Alchemist-Paulo-Coelho/dp/8172234988/ref=zg_bs_books_sccl_7/000-0000000-0000000?psc=1,2023-06-12 11:05:09
THE 48 LAWS OF POWER,Robert Greene,4.6 out of 5 stars,16250,599.00,https://www.amazon.in/Laws-Power-Robert-Greene-Collection/dp/1861972784/ref=zg_bs_books_sccl_8/000-0000000-0000000?psc=1,2023-06-12 11:05:09
Arihant All In One Class 10th English Language and Literature for CBSE Exam 2024,,4.1 out of 5 stars,Vaishali Jaiwal Srishti Agarwal ,359.00,https://www.amazon.in/Arihant-English-Language-Literature-Exam-2024/dp/9350106019/ref=zg_bs_books_sccl_9/000-0000000-0000000?psc=1,2023-06-12 11:05:09
The Compound Effect,,4.6 out of 5 stars,Darren Hardy,154.00,https://www.amazon.in/Compound-Effect-Darren-Hardy/dp/9390924634/ref=zg_bs_books_sccl_10/000-0000000-0000000?psc=1,2023-06-12 11:05:09
India that is Bharat,J Sai Deepak,4.8 out of 5 stars,5946,449.00,https://www.amazon.in/India-that-Bharat-Civilisation-Constitution/dp/9354352499/ref=zg_bs_books_sccl_11/000-0000000-0000000?psc=1,2023-06-12 11:05:09
Dr Cuterus: Everything Nobody Tells You,Dr Tanaya Narendra,4.7 out of 5 stars,267,179.00,https://www.amazon.in/Dr-Cuterus-Everything-Nobody-Tells/dp/0143455702/ref=zg_bs_books_sccl_12/000-0000000-0000000?psc=1,2023-06-12 11:05:09
Oswaal CBSE Class 10 Social Science Question Bank (2024 Exam),Oswaal Editorial Board,4.5 out of 5 stars,96,433.00,https://www.amazon.in/Oswaal-Class-Social-Science-Question/dp/9356348901/ref=zg_bs_books_sccl_13/000-0000000-0000000?psc=1,2023-06-12 11:05:09
"Quantitative Aptitude for Competitive Examinations All Government and Entrance Exams (Banking, SSC, Railway, Police, Civil Service, etc.) 40 Videos | 2000+ Solved Examples | 10000+ Practice Questions",R. S Aggarwal,4.3 out of 5 stars,1254,499.00,https://www.amazon.in/Quantitative-Aptitude-Competitive-Examinations-Revised/dp/9355012322/ref=zg_bs_books_sccl_14/000-0000000-0000000?psc=1,2023-06-12 11:05:09
The Power of Your Subconscious Mind,Joseph Murphy,4.5 out of 5 stars,74628,105.00,https://www.amazon.in/Power-Your-Subconscious-Mind-Success/dp/8172345666/ref=zg_bs_books_sccl_15/000-0000000-0000000?psc=1,2023-06-12 11:05:09
"First Aid for the USMLE Step 1 2023, Thirty Third Edition",,4.3 out of 5 stars,Matthew Sochat,1010.00,https://www.amazon.in/First-USMLE-Step-Thirty-Third/dp/1264946627/ref=zg_bs_books_sccl_16/000-0000000-0000000?psc=1,2023-06-12 11:05:09
The Almanack Of Naval Ravikant: A Guide to Wealth and Happiness,Eric Jorgenson,4.6 out of 5 stars,14222,209.00,https://www.amazon.in/Almanack-Naval-Ravikant-Wealth-Happiness/dp/9354893899/ref=zg_bs_books_sccl_17/000-0000000-0000000?psc=1,2023-06-12 11:05:09
Arihant All In One Class 10th Science for CBSE Exam 2024,,4.0 out of 5 stars,Sanubia & Rashmi Gupta Sonal Singh & Ruchi Kapoor  Imran Ahmad ,382.00,https://www.amazon.in/Arihant-Class-10th-Science-Exam-2024/dp/9350105993/ref=zg_bs_books_sccl_18/000-0000000-0000000?psc=1,2023-06-12 11:05:09
"Think Straight: Change your thoughts, Change your life [Paperback] Foroux, Darius",Darius Foroux,4.2 out of 5 stars,11494,127.00,https://www.amazon.in/Think-Straight-Change-your-thoughts/dp/0143452134/ref=zg_bs_books_sccl_19/000-0000000-0000000?psc=1,2023-06-12 11:05:09
Think and Grow Rich: THE 21st CENTURY EDITION,Napoleon Hill,4.5 out of 5 stars,4475,99.00,https://www.amazon.in/Think-Grow-Rich-21st-CENTURY/dp/9389931525/ref=zg_bs_books_sccl_20/000-0000000-0000000?psc=1,2023-06-12 11:05:09
Think and Grow Rich: THE 21st CENTURY EDITION,Napoleon Hill,4.5 out of 5 stars,4475,99.00,https://www.amazon.in/Think-Grow-Rich-21st-CENTURY/dp/9389931525/ref=zg_bs_books_sccl_1/000-0000000-0000000?psc=1,2023-06-12 11:05:15
Arihant All In One Class 10th Science for CBSE Exam 2024,,4.0 out of 5 stars,Sanubia & Rashmi Gupta Sonal Singh & Ruchi Kapoor  Imran Ahmad ,382.00,https://www.amazon.in/Arihant-Class-10th-Science-Exam-2024/dp/9350105993/ref=zg_bs_books_sccl_2/000-0000000-0000000?psc=1,2023-06-12 11:05:15
Oswaal CBSE Class 10 Social Science Question Bank (2024 Exam),Oswaal Editorial Board,4.5 out of 5 stars,96,433.00,https://www.amazon.in/Oswaal-Class-Social-Science-Question/dp/9356348901/ref=zg_bs_books_sccl_3/000-0000000-0000000?psc=1,2023-06-12 11:05:15
Animals Tales From Panchtantra: Timeless Stories for Children From Ancient India,Wonder House Books,4.5 out of 5 stars,4365,189.00,https://www.amazon.in/Animals-Tales-Panchtantra-Timeless-Children/dp/9389178118/ref=zg_bs_books_sccl_4/000-0000000-0000000?psc=1,2023-06-12 11:05:15
The Almanack Of Naval Ravikant: A Guide to Wealth and Happiness,Eric Jorgenson,4.6 out of 5 stars,14223,209.00,https://www.amazon.in/Almanack-Naval-Ravikant-Wealth-Happiness/dp/9354893899/ref=zg_bs_books_sccl_5/000-0000000-0000000?psc=1,2023-06-12 11:05:15
The Power of Your Subconscious Mind,Joseph Murphy,4.5 out of 5 stars,74628,105.00,https://www.amazon.in/Power-Your-Subconscious-Mind-Success/dp/8172345666/ref=zg_bs_books_sccl_6/000-0000000-0000000?psc=1,2023-06-12 11:05:15
Bhagvad Gita As It Is English New Edition,A. C. Bhaktivedanta Swami Prabhupad,4.8 out of 5 stars,5040,278.50,https://www.amazon.in/Bhagavad-Gita-Original-English-As/dp/B07MDTX8BR/ref=zg_bs_books_sccl_7/000-0000000-0000000?psc=1,2023-06-12 11:05:15
T.N. Seshan,,,T.N. Seshan,522.00,https://www.amazon.in/Through-Broken-Glass-T-N-Seshan/dp/9357021965/ref=zg_bs_books_sccl_8/000-0000000-0000000?psc=1,2023-06-12 11:05:15
5000 + Daily Use English Sentences | Kanchan Keshari,,4.2 out of 5 stars,Kanchan Keshari,277.00,https://www.amazon.in/Daily-English-Sentences-Kanchan-Keshari/dp/9394200509/ref=zg_bs_books_sccl_9/000-0000000-0000000?psc=1,2023-06-12 11:05:15
My First Complete Learning Library: Boxset of 20 Board Books Gift Set for Kids (Horizontal Design),Wonder House Books,4.6 out of 5 stars,13655,799.00,https://www.amazon.in/First-Learning-Library-Box-Set/dp/9388369882/ref=zg_bs_books_sccl_10/000-0000000-0000000?psc=1,2023-06-12 11:05:15
"Writing Practice Boxset: Pack of 4 Books (Writing Fun: Write And Practice Capital Letters, Small Letters, Patterns and Numbers 1 to 10)",Wonder House Books,4.3 out of 5 stars,11381,159.00,https://www.amazon.in/Writing-Fun-Set-Books-Practice/dp/9387779777/ref=zg_bs_books_sccl_11/000-0000000-0000000?psc=1,2023-06-12 11:05:15
"Man's Search For Meaning: The classic tribute to hope from the Holocaust Frankl, Viktor E",Viktor E. Frankl,4.5 out of 5 stars,79231,211.27,https://www.amazon.in/Mans-Search-Meaning-Viktor-Frankl/dp/1846041244/ref=zg_bs_books_sccl_12/000-0000000-0000000?psc=1,2023-06-12 11:05:15
Math Concept King All Formulas and Theorum Latest 2023 Edition | Gagan Pratap Sir | Champion Publication,,4.2 out of 5 stars,Gagan Pratap Sir,105.00,https://www.amazon.in/Concept-Formulas-Theorum-Champion-Publication/dp/B0BVHGWTMN/ref=zg_bs_books_sccl_13/000-0000000-0000000?psc=1,2023-06-12 11:05:15
"Think Straight: Change your thoughts, Change your life [Paperback] Foroux, Darius",Darius Foroux,4.2 out of 5 stars,11494,127.00,https://www.amazon.in/Think-Straight-Change-your-thoughts/dp/0143452134/ref=zg_bs_books_sccl_14/000-0000000-0000000?psc=1,2023-06-12 11:05:15
,,,Paperback,549.00,https://www.amazon.in/Hidden-Hindu-Book-1-3-Combo/dp/B0C5VCPV3K/ref=zg_bs_books_sccl_15/000-0000000-0000000?psc=1,2023-06-12 11:05:15
How to Prepare for QUANTITATIVE APTITUDE for CAT |10th Edition | With CAT Practice Tests on Pull Marks,,4.5 out of 5 stars,ARUN SHARMA,725.00,https://www.amazon.in/Prepare-QUANTITATIVE-APTITUDE-Practice-Tests/dp/9355321627/ref=zg_bs_books_sccl_16/000-0000000-0000000?psc=1,2023-06-12 11:05:15
Bhagvad Gita As It Is English New Edition,,4.7 out of 5 stars,His Divine Grace A.C. Bhaktivedanta Swami Prabhupada,281.00,https://www.amazon.in/Bhagvad-gita-as-english-new/dp/9384564192/ref=zg_bs_books_sccl_17/000-0000000-0000000?psc=1,2023-06-12 11:05:15
Wise and Otherwise: A salute to Life [Paperback] Sudha Murty,,4.6 out of 5 stars,Sudha Murty,162.00,https://www.amazon.in/Wise-Otherwise-salute-Sudha-Murty/dp/0143062220/ref=zg_bs_books_sccl_18/000-0000000-0000000?psc=1,2023-06-12 11:05:15
"MTG Objective NCERT at your FINGERTIPS Chemistry - NCERT Notes with HD Pages, Based on NCERT Exam Archive Questions, NEET-JEE Books (Latest & Revised Edition 2023-2024)",MTG Editorial Board,4.2 out of 5 stars,59,530.00,https://www.amazon.in/Objective-NCERT-your-FINGERTIPS-Chemistry/dp/9355555938/ref=zg_bs_books_sccl_19/000-0000000-0000000?psc=1,2023-06-12 11:05:15
1800+ Reward Stickers - Ideal For Teachers And Parents : Sticker Book With Over 1800 Stickers To Boost The Morale of Kids,Wonder House Books,4.5 out of 5 stars,1163,149.00,https://www.amazon.in/1800-Reward-Stickers-Teachers-Parents/dp/9388810740/ref=zg_bs_books_sccl_20/000-0000000-0000000?psc=1,2023-06-12 11:05:15
Aman Srivastav,,,Aman Srivastav,140.00,https://www.amazon.in/Current-Affairs-Months-Events-Srivastava/dp/8196391811/ref=zg_bs_books_sccl_21/000-0000000-0000000?psc=1,2023-06-12 11:05:15
The Complete Novels of Sherlock Holmes,Arthur Conan Doyle,4.4 out of 5 stars,18668,160.00,https://www.amazon.in/Complete-Novels-Sherlock-Holmes/dp/8175994312/ref=zg_bs_books_sccl_22/000-0000000-0000000?psc=1,2023-06-12 11:05:15
Arihant All In One Class 12th English Core for CBSE Exam 2024,,4.3 out of 5 stars,Vaishali Jaiswal Srishti Agarwal ,475.00,https://www.amazon.in/Arihant-Class-12th-English-Exam-2024/dp/9350105705/ref=zg_bs_books_sccl_23/000-0000000-0000000?psc=1,2023-06-12 11:05:15
Mandala Art: Colouring books for Adults with tear out sheets,Wonder House Books,4.5 out of 5 stars,5302,149.00,https://www.amazon.in/Mandala-Art-Colouring-Adults-Sheets/dp/9386538601/ref=zg_bs_books_sccl_24/000-0000000-0000000?psc=1,2023-06-12 11:05:15
"A Modern Approach To Verbal & Non-Verbal Reasoning All Government and Entrance Exams (Banking, SSC, Railway, Police, Civil Service, etc.) 46 Videos | 500+ Solved Examples | 5000+ Practice Questions",,4.3 out of 5 stars,Dr. R.S. Aggarwal,539.00,https://www.amazon.in/Modern-Approach-Non-Verbal-Reasoning-2022-23/dp/9355011539/ref=zg_bs_books_sccl_25/000-0000000-0000000?psc=1,2023-06-12 11:05:15
101 Brain Booster Activity Book: Fun Activity Book For Children,Wonder House Books,4.4 out of 5 stars,5424,149.00,https://www.amazon.in/101-Brain-Booster-Activity-Book/dp/9388369793/ref=zg_bs_books_sccl_26/000-0000000-0000000?psc=1,2023-06-12 11:05:15
"How to Win Friends and Influence People [Original Edition (Complete), PREMIUM PAPERBACK]",Dale Carnegie,4.5 out of 5 stars,113611,101.00,https://www.amazon.in/How-Win-Friends-Influence-People/dp/8129140179/ref=zg_bs_books_sccl_27/000-0000000-0000000?psc=1,2023-06-12 11:05:15
Price Action Trading : Technical Analysis Simplified!,,4.3 out of 5 stars,Sunil Gurjar (Chartmojo),318.00,https://www.amazon.in/Price-Action-Trading-Technical-Simplified/dp/8195261612/ref=zg_bs_books_sccl_28/000-0000000-0000000?psc=1,2023-06-12 11:05:15
DEEP WORK: RULES FOR FOCUSED SUCCESS IN A DISTRACTED WORLD,Cal Newport,4.5 out of 5 stars,25770,259.00,https://www.amazon.in/Deep-Work-Focused-Success-Distracted/dp/0349413681/ref=zg_bs_books_sccl_29/000-0000000-0000000?psc=1,2023-06-12 11:05:15
"Let's Talk Money: You've Worked Hard for It, Now Make It Work for You",Monika Halan,4.5 out of 5 stars,3273,259.00,https://www.amazon.in/Lets-Talk-Money-Youve-Worked/dp/9352779398/ref=zg_bs_books_sccl_30/000-0000000-0000000?psc=1,2023-06-12 11:05:15
Think And Grow Rich - Hindi,Napoleon Hill,4.4 out of 5 stars,9174,99.00,https://www.amazon.in/Think-Grow-Rich-Hindi-Napoleon/dp/8175993561/ref=zg_bs_books_sccl_1/000-0000000-0000000?psc=1,2023-06-12 11:05:15
Word Power Made Easy By Norman Lewis (More than 700 Pages),Norman Lewis,4.4 out of 5 stars,1380,83.00,https://www.amazon.in/Word-Power-Norman-Lewis-Pages/dp/B09LV1KHKV/ref=zg_bs_books_sccl_2/000-0000000-0000000?psc=1,2023-06-12 11:05:15
"MTG 36 Years NEET Previous Year Solved Question Papers with NEET PYQ Chapterwise Topicwise Solutions - Physics, Chemistry & Biology For NEET Exam 2024 | Get Free access of Smart Book (Set of 3 Books)",,3.9 out of 5 stars,MTG Editorial Board,955.00,https://www.amazon.in/Previous-Question-Chapterwise-Topicwise-Solutions/dp/935555897X/ref=zg_bs_books_sccl_3/000-0000000-0000000?psc=1,2023-06-12 11:05:15
Encyclopedia: Amazing Questions & Answers Science,Om Books Editorial Team,4.5 out of 5 stars,2872,133.00,https://www.amazon.in/Amazing-Question-Answers-Science-Editorial/dp/9352763068/ref=zg_bs_books_sccl_4/000-0000000-0000000?psc=1,2023-06-12 11:05:15
"Thinking, Fast & Slow (L) (Penguin Press Non-Fiction)",Daniel Kahneman,4.5 out of 5 stars,27198,421.00,https://www.amazon.in/Thinking-Fast-Penguin-Press-Non-Fiction/dp/0141033576/ref=zg_bs_books_sccl_5/000-0000000-0000000?psc=1,2023-06-12 11:05:15
vashista 360 spoken english book,,4.2 out of 5 stars,vamshi krishna,224.00,https://www.amazon.in/Spoken-English-Course-Telugu-Vashista/dp/B08W1SNNLP/ref=zg_bs_books_sccl_6/000-0000000-0000000?psc=1,2023-06-12 11:05:15
Sapiens (L): THE MULTI-MILLION COPY BESTSELLER,Yuval Noah Harari,4.7 out of 5 stars,114053,369.00,https://www.amazon.in/Sapiens-Humankind-Yuval-Noah-Harari/dp/0099590085/ref=zg_bs_books_sccl_7/000-0000000-0000000?psc=1,2023-06-12 11:05:15
Nursery Rhymes Board Book (My First Book Series): Illustrated Classic Nursery Rhymes,Wonder House Books,4.6 out of 5 stars,3653,169.00,https://www.amazon.in/Nursery-Rhymes-Board-Book-First/dp/9388144201/ref=zg_bs_books_sccl_8/000-0000000-0000000?psc=1,2023-06-12 11:05:15
Grandparents' Bag of Stories [Paperback] Sudha Murty,,4.7 out of 5 stars,Sudha Murty,153.00,https://www.amazon.in/Grandparents-Bag-Stories-Sudha-Murty/dp/0143451847/ref=zg_bs_books_sccl_9/000-0000000-0000000?psc=1,2023-06-12 11:05:15
R D Sharma Mathematics Class 9 with MCQ in Mathematics - CBSE Examination 2023-2024,R.D. Sharma,4.5 out of 5 stars,1523,530.00,https://www.amazon.in/Mathematics-Class-Sharma-Examination-2022-23/dp/B09SJ5TZZ4/ref=zg_bs_books_sccl_10/000-0000000-0000000?psc=1,2023-06-12 11:05:15
The Subtle Art of Not Giving a F*ck: A Counterintuitive Approach to Living a Good Life,Mark Manson,4.5 out of 5 stars,133634,325.00,https://www.amazon.in/Subtle-Art-Not-Giving/dp/0062641549/ref=zg_bs_books_sccl_11/000-0000000-0000000?psc=1,2023-06-12 11:05:15
"All-Time Favourites for Children: Classic Collection of 25+ most-loved, great stories by famous award-winning author (Illustrated, must-read fiction short stories for kids)",Ruskin Bond,4.6 out of 5 stars,1515,162.00,https://www.amazon.in/All-Time-Favourites-Children-award-winning-Illustrated/dp/0143451936/ref=zg_bs_books_sccl_12/000-0000000-0000000?psc=1,2023-06-12 11:05:15
The Power of A Positive Attitude: Your Road To Success,Roger Fritz,4.4 out of 5 stars,3523,99.00,https://www.amazon.in/Power-Positive-Attitude-Your-Success/dp/9389432642/ref=zg_bs_books_sccl_13/000-0000000-0000000?psc=1,2023-06-12 11:05:15
My First 4 in 1 Alphabet Numbers Colours Shapes: Padded Board Books,Wonder House Books,4.3 out of 5 stars,4772,169.00,https://www.amazon.in/First-Alphabet-Numbers-Colours-Shapes/dp/9387779564/ref=zg_bs_books_sccl_14/000-0000000-0000000?psc=1,2023-06-12 11:05:15
"Power of your Subconscious Min: A personal transformation and development book, understanding human psychology and thinking by Dr Joseph Murphy",,4.5 out of 5 stars,Dr Joseph Murphy,98.00,https://www.amazon.in/Power-Subconscious-Premium-Paperback-Penguin/dp/0143453602/ref=zg_bs_books_sccl_15/000-0000000-0000000?psc=1,2023-06-12 11:05:15
Concept of Physics by H.C Verma Part - II - Session 2022-23,H.C. Verma,4.6 out of 5 stars,10085,330.00,https://www.amazon.in/Concept-Physics-Part-2-2018-2019-Session/dp/8177092324/ref=zg_bs_books_sccl_16/000-0000000-0000000?psc=1,2023-06-12 11:05:15
Interact in English Main Course Book (MCB) + Literature Reader + Workbook - A textbook for English course (Communicative) For CBSE Class 9 | For NCERT with EXAM360 Brand Sticker & Packaging,,4.4 out of 5 stars,EXAM360,324.00,https://www.amazon.in/Interact-English-Course-Literature-Workbook/dp/B0B2KQHPP2/ref=zg_bs_books_sccl_17/000-0000000-0000000?psc=1,2023-06-12 11:05:15
R D Sharma Mathematics Class 10 with MCQ in Mathematics - CBSE Examination 2023-2024,R.D. Sharma,4.5 out of 5 stars,2530,450.00,https://www.amazon.in/Mathematics-Class-10-Examination-2022-23/dp/B09SJ365JL/ref=zg_bs_books_sccl_18/000-0000000-0000000?psc=1,2023-06-12 11:05:15
Verity,Colleen Hoover,4.3 out of 5 stars,226395,235.00,https://www.amazon.in/Verity-thriller-that-capture-heart/dp/1408726602/ref=zg_bs_books_sccl_19/000-0000000-0000000?psc=1,2023-06-12 11:05:15
"BRAIN GAMES FOR CLEVER KIDS [Paperback] Moore, Gareth",,4.3 out of 5 stars,Gareth Moore,139.00,https://www.amazon.in/Brain-Games-Clever-Kids-Buster/dp/1780552491/ref=zg_bs_books_sccl_20/000-0000000-0000000?psc=1,2023-06-12 11:05:15
